start	end	text
0	8000	50年くらい 学生を北北海道から一緒に帰宅連れて行って
8000	12000	その帰宅はずっと学生と一緒に料理を泊まって
12000	15000	もう22巻大生で
15000	18000	高校生ある方もいつも見て
18000	20000	一緒に学校も行って
20000	23000	全部 学校も全部一緒に行って
23000	25000	大人も泊まって
25000	28000	単校も行って
28000	30000	今日新聞載ってましたよ
30000	32000	本当ですか
32000	33000	今日載ってます
33000	34000	ありがとうございます
34000	36000	じゃあちょっと持ってきましょうか
36000	38000	そこに新聞があるので
38000	39000	まだご存知
39000	41000	まだ見てないです
41000	43000	アカウントをインターネットで
43000	45000	本当です ありがとうございます
45000	47000	すべて知っている
47000	49000	昨日行ってきました
53000	55000	ブーツが白子
55000	56000	そうなんですよ
56000	58000	僕 お父さんが白子で
58000	60000	あ ジュニッチって名前です
60000	61000	あ ジュニッチ
61000	62000	はい
62000	63000	スネークは
63000	64000	そうですよ
64000	66000	監督が僕のお父です
66000	68000	カズヒト
68000	70000	少年スネークの
71000	73000	少年スネークのアナカズヒト
73000	75000	じゃあお父さんも同じなんですか
75000	76000	そうです
76000	77000	楽しみでしたか
77000	78000	はい 楽しみです
78000	80000	今 家は楽しみになって
80000	82000	スネークの
82000	84000	少年スネークの
85000	87000	ジュニッチスネークの
87000	89000	日本の
89000	91000	これ スネークの
91000	93000	毎日じゃなくてね
93000	94000	日本の
94000	96000	山間一が明日乗るって言ってました
96000	98000	毎日は回るの乗ってた
98000	99000	みんな乗ってた
99000	101000	へー
101000	102000	おー
102000	104000	どうぞどうぞ
104000	106000	自分のじゃないから
109000	110000	八重厚生だったんですね
110000	112000	僕 八重厚生 69期で
112000	114000	図書 二重八重厚生
114000	115000	26です
115000	116000	26歳
117000	118000	26歳ですか
118000	119000	え 2人はいくつ
119000	121000	28なんで
121000	122000	あ じゃあ
122000	124000	中1 中3じゃん
124000	125000	僕 二重
125000	126000	二重ですか
126000	127000	図書 二重
127000	128000	あ 図書 二重です
128000	129000	え 何部
129000	131000	ここ 書庫なんで
131000	132000	何部か
132000	134000	二重はバレエ部でしょ
134000	135000	じゃあ 二重
135000	136000	バレエ部だったら
136000	137000	可愛いですよ
137000	139000	男子大団体
139000	140000	森田健二とか
140000	141000	いや
143000	144000	同級者なんですよ
144000	145000	あ 別の二重
145000	146000	そうなんですか
146000	147000	はい
147000	148000	はい
148000	150000	ちょっといきなりやる気が
150000	152000	あんねん
152000	153000	あんねん
153000	154000	女子があったら
154000	155000	シュウイシー
155000	156000	ウイザーとか
156000	157000	この話してました
157000	158000	二重多いからね
158000	159000	今年26
159000	160000	今年26です
160000	161000	それ違うの
161000	162000	じゃあ
162000	163000	四つかね
163000	164000	1
164000	165000	アラブ
165000	166000	アラブ 次
166000	167000	何部しか聞いたほうがいいんだね
167000	168000	えっと聞いたほうがいい
168000	169000	トラードですね
169000	170000	ネズミ
170000	171000	ね
171000	172000	トラードだな
172000	173000	トマ
173000	174000	トマ
174000	175000	広野
175000	176000	アラブ
176000	179000	ニンちゃん。あ、予定戦だと思ってた。
179000	182000	トラの死ぬ。
182000	184000	全然わかんない。
184000	187000	ニンちゃん。
187000	192000	ライトホントないじゃん。一応生まれも育ちました。
192000	196000	ニンちゃんはもう、スネークの大先輩ね。
196000	198000	スネーク3期かな。
198000	201000	え、そうなんですか。3期。
201000	203000	えー。
203000	207000	いや、どうしようこれって。先輩達に言うと、5年間みたいになっちゃう。
207000	211000	スネークの歴史のお父さんに載ってる。
211000	212000	ホントですか。
212000	214000	写真出して。
214000	216000	いやー、大先輩ですね。
216000	219000	スネーク6年間やってて。
219000	221000	すごい。
221000	226000	スネークは今何年ですか。僕が卒業するくらいに50周年。
226000	228000	もう60周年くらいですよね。
228000	230000	え、そうか。3期生だからですね。
230000	231000	すごい。
231000	234000	すごいですね。
234000	236000	おもしろい。
236000	240000	すいませんね。いただいちゃいますよ。
240000	244000	だから次があるので、そんなに長くはできないから、
244000	248000	ちょっと多分30分とか1時間もお話できないんですけど、
248000	256000	ちょっといろいろNPOがやってる通訳ガイドのお話とかメールでちょっとお願いしてて、
256000	260000	ちょっとこう、今どんどんどんどんそういう依頼が来るので、
260000	264000	お手伝いの方を紹介していただけませんかってことで、ちょっとメールでお伝えしたいんですけど、
264000	269000	まあ今せっかく島にいらっしゃるってことなので、今日ちょっとなんかそういう、
269000	274000	今ね、もう先輩たちっていうの分かりますけど、お互いにこういうことやってるとか、
274000	277000	そういうこういう交流ができたらいいかなと思って。
277000	278000	はい。
278000	279000	どうぞ。
279000	289000	あのー、実はこのNPOを無事に立ち上げていたのは、一新たちの人材を育成しようと思ったのがまず、この会会。
289000	298000	2012年からなんですけれども、2013年の石垣新空港開港のための準備として、
298000	312000	まず、インバウンドに合わせた外国語、中国、英語、韓国語の講座を2年間、沖縄県から受けて、
312000	318000	石垣の、あのー、何て言うのかな、観光産業に特化している方々を、
318000	327000	教えて、あのー、石垣、コハンマン、タテトブ、イリオン、ヨナガニちゃんを教えて、2年間。
327000	338000	その後、2年後に石垣市から、今後、観光人材を、観光人材を含めて、
338000	343000	人材を育成のための、あのー、皆さん、バンク事業。
343000	347000	要するに、こう、しゃべれる人を集めて、
347000	348000	石垣だけが、
348000	349000	外国人とか、
349000	351000	しゃべれる人を集めて、
351000	353000	インバウンドに特化しよう、っていう感じで、
353000	355000	いろいろ今までやって、
355000	358000	ちょうど11年、2年目とかやってたんだ。
358000	361000	そっか、2012年から空港、
361000	363000	空港開港前だから。
363000	364000	3年?
364000	366000	2013年から、開港。
366000	368000	そんなん、もう10年経つんだ。
368000	371000	去年、去年は、女修年だった。
371000	372000	あ、そうか。
372000	374000	インバウンドがいる前から、
374000	375000	うんうん。
375000	377000	それに合わせて、ずっと、
377000	379000	だって来たんですから、
379000	381000	なかなか人材が集まらなくて、
381000	382000	ちょうど、
382000	384000	あのー、Mさんのご紹介で、こういう、
384000	386000	台湾とも繋がってね、
386000	387000	いろいろあれば、
387000	390000	受け入れ窓口、
390000	392000	あと、我々以降、また、あのー、
392000	394000	台湾の、から、
394000	395000	ピルムを通して、
395000	396000	はい、そうですよね。
396000	397000	ワゴンに来ましたね。
397000	398000	はい。
398000	400000	ワゴングループとは、私の付き合いがあって、
400000	401000	はい。
401000	402000	なっちゃんで偉くて、
402000	403000	はい。
403000	404000	ご存知ですか?
404000	405000	はい。
405000	406000	そうです。
406000	407000	どうするっていうことで、
407000	409000	なっちゃんで偉いの方は、
409000	411000	受け付けまるっていうことで、
411000	412000	はい。
412000	413000	やってたんですけど、
413000	414000	途中で混乱しまして、
414000	415000	はい。
415000	417000	来年、9月かな、
417000	419000	予定で、まあ、
419000	420000	はい。
420000	421000	受け入れて、
421000	422000	まだ、これから私の方が、
422000	423000	みんなで、
423000	424000	受け入れるって思ったら、
424000	427000	確証、確約は取れていないんですけど、
427000	428000	うん。
428000	429000	まあ、それに向けて、
429000	430000	まあ、しておくんですよ。
430000	431000	なるほど、なるほど。
431000	432000	だから、足りない状態で、
432000	433000	はいはいはい。
433000	435000	彼はまた、台湾と特化した、
435000	438000	いろんな、人体を、
438000	439000	みんなでね、
439000	441000	台中にもいたんで、
441000	442000	はいはいはい。
442000	445000	彼はまた、ITに、
445000	447000	頼んでいると、
447000	449000	101センター、
449000	451000	101センターっていうのは、
451000	452000	101に、
452000	453000	はい。
453000	454000	かけて、勝手に、
454000	455000	書いて、
455000	456000	書くの、中にあるんですか?
456000	458000	全然、そんなことないです。
458000	460000	もう、101のように、
460000	461000	大きくなりたいなっていう。
461000	462000	101の、
462000	464000	北のチャーハンが美味しくて、
464000	465000	本当ですか?
465000	466000	言いたいもん。
466000	467000	言いたいもん、それ。
467000	468000	言いたいもん、美味しいですね。
468000	469000	見た、見た。
469000	470000	はい。
470000	471000	1回して、
471000	472000	6、2歳ね。
472000	473000	はい。
473000	474000	はい。
474000	475000	はい、こんな感じですね。
475000	476000	はい、なるほど。
476000	477000	ありがとうございます。
477000	479000	石垣に来てます。
479000	480000	あ、これ、美味しいです。
480000	481000	あ、美味しい。
481000	482000	食べちゃいましたね。
482000	483000	まあ、全然、残ってる。
483000	484000	ね。
484000	485000	やっぱ、素晴らしいのが、
485000	486000	ちゃんと、英語と、
486000	488000	ね、日本語も書いてあってね。
488000	489000	あ、そうですね。
489000	490000	多いんで。
490000	491000	これが、なんか、
491000	492000	石垣も、こういう、
492000	493000	標準になってくるという、
493000	494000	そうですね。
494000	495000	もう、本当、僕も、
495000	497000	なぜ台湾に来たかっていうと、
497000	498000	本当に、
498000	500000	まあ、あの時、
500000	501000	だんだん、こう、
501000	502000	まあ、中国ですけど、
502000	503000	中国の場合も、
503000	504000	強くなってきて、
504000	505000	おっしゃる通り、
505000	506000	多分、そこで、
506000	508000	だいぶ、台湾、中国の、
508000	509000	お客さんが、
509000	510000	なんか、石垣に入ってきてる、
510000	511000	時期で、
511000	512000	で、まあ、
512000	513000	僕も、
513000	514000	ともと海外に、
514000	515000	興味があって、
515000	516000	海外行きたかったんですけど、
516000	517000	まあ、お金とかのことで、
517000	518000	まあ、
518000	519000	アメリカ留学とか行けない、
519000	520000	っていうところで、
520000	521000	で、まあ、
521000	522000	英語人材は、
522000	523000	まだいるから、
523000	524000	まあ、
524000	525000	で、
525000	526000	日本、
526000	527000	石垣見渡しても、
527000	528000	こんなに、
528000	529000	石、あの、
529000	530000	中国語の方がいるのに、
530000	531000	なんか、中国語の、
531000	532000	そういう人材が少ないな、
532000	533000	と思って、
533000	534000	なんか、
534000	535000	ミシンスタンスに、
535000	536000	なるんじゃないかな、
536000	537000	と思って、
537000	538000	台湾に渡ったのが、
538000	539000	本当、
539000	540000	きっかけだったんで、
540000	541000	へえ、
541000	542000	それは、
542000	543000	何歳の時?
543000	544000	僕が、
544000	545000	だと、
545000	546000	2027年に、
546000	547000	高校卒業したんで、
547000	548000	ん?
548000	549000	2000?
549000	550000	17歳じゃない?
550000	551000	17歳、
551000	552000	2010、
552000	553000	2017年に、
553000	554000	高校卒業して、
554000	555000	あ、
555000	556000	7年前、
556000	557000	ですね、
557000	558000	うん、
558000	559000	1年前、
559000	560000	7年前、
560000	561000	ちょうど7年前ですね、
561000	562000	へえ、
562000	563000	その7年、
563000	564000	高校卒業して、
564000	565000	台湾に渡って、
565000	566000	僕、
566000	567000	最初、
567000	568000	1年、
568000	569000	ワオキン堀で、
569000	570000	で、
570000	571000	2018年9月に、
571000	572000	入学して、
572000	573000	2022年に、
573000	574000	大学卒業して、
574000	575000	僕、
575000	576000	そのまま、
576000	577000	起業して、
577000	578000	台湾の、
578000	579000	えっと、
579000	580000	ここに戻ってきて、
580000	581000	もう、
581000	582000	本当に、
582000	583000	コロナ禍だったの?
583000	584000	やっぱ、
584000	585000	僕、
585000	586000	センターで、
586000	587000	うーん、
587000	588000	2017年、
588000	589000	高校生だったら、
589000	590000	本当に、
590000	591000	インバウンドが、
591000	592000	どんどん、
592000	593000	どんどん、
593000	594000	増えて、
594000	595000	まだ、あれですよね、
595000	596000	沖の方に泊まって、
596000	597000	ちっちゃい船で、
597000	598000	そう、そう、そう、
598000	599000	その時期ですね、
599000	600000	2017年から、
600000	601000	そういうのを見てた?
601000	602000	はい、
602000	603000	もう、
603000	604000	見てて、
604000	605000	で、
605000	606000	18年、
606000	607000	19年、
607000	608000	台湾に行ってからは、
608000	609000	フリシア現職を帰省して、
609000	610000	大国ドラッグ、
610000	611000	あそこで、
611000	612000	中国語を、
612000	613000	話す人として、
613000	614000	友達として、
614000	615000	出て行きたい、
615000	616000	だから、
616000	617000	プルゼのことは、
617000	618000	結構、
618000	619000	いろいろ知ってて、
619000	620000	別号とか、
620000	621000	来たら、
621000	622000	入るって感じで、
622000	623000	へー、
623000	624000	そうなんだ、
624000	625000	これ見るね、
625000	626000	でも、
626000	627000	コロナが、
627000	628000	あった瞬間に、
628000	629000	ね、
629000	630000	本当ね、
630000	631000	今でも、
631000	632000	下、
632000	633000	書いてありますけど、
633000	634000	もう、
634000	635000	ありませんって書いてある、
635000	636000	みんな覚えてる、
636000	637000	すごいですからね、
637000	638000	本当に、
638000	639000	もう、
639000	640000	超、
640000	641000	もう、
641000	642000	店が、
642000	643000	パンパンに、
643000	644000	よくして、
644000	645000	よくして、
645000	646000	今、
646000	647000	こんな感じで、
647000	648000	繋がりが持てれば、
648000	649000	みんな、
649000	650000	福祉に、
650000	651000	入らされていた、
651000	652000	あの、
652000	653000	実は、
653000	654000	商工高校とも、
654000	655000	私も商工、
655000	656000	3期生なんですけど、
656000	657000	商工、
657000	658000	商教科で、
658000	659000	えー、
659000	660000	あそこでも、
660000	661000	何度か講座したり、
661000	662000	中学旅行の、
662000	663000	一歩手前の講座、
663000	664000	大変、
664000	665000	やっていく、
665000	666000	そういうことも、
666000	667000	何度か、
667000	668000	やったこともありますけど、
668000	669000	まあ、
669000	670000	いろんな意味で、
670000	671000	こう、
671000	672000	高校生とか、
672000	673000	人材育成が、
673000	674000	喋る人が、
674000	675000	いっぱい、
675000	676000	いますので、
676000	677000	なんか、
677000	678000	繋がりができれば、
678000	679000	ね、
679000	680000	いくつか、
680000	681000	お聞きしたいんですが、
681000	682000	こっちに、
682000	683000	なんか、
683000	684000	スタッフとか、
684000	685000	いるんですかね、
685000	686000	誰か、
686000	687000	石垣に関しては、
687000	688000	今、
688000	689000	まだ、
689000	690000	いなくて、
690000	691000	もう、
691000	692000	毎月、
692000	693000	僕が来て、
693000	694000	あ、
694000	695000	そうなんですか、
695000	696000	じゃあ、
696000	697000	説明会とか、
697000	698000	説明会も、
698000	699000	今、
699000	700000	2、
700000	701000	3回も、
701000	702000	やってるんですけど、
702000	703000	石垣さん、
703000	704000	何か、
704000	705000	ご利用いただければ、
705000	706000	ちょっと、
706000	707000	その場合にも、
707000	708000	すぐ、
708000	709000	メールで、
709000	710000	ちょっと、
710000	711000	やってたんですけど、
711000	712000	この間の、
712000	713000	夏休みに、
713000	714000	行ってた方とか、
714000	715000	もしくは、
715000	716000	もう、
716000	717000	留学して、
717000	718000	帰ってきてる子とか、
718000	719000	でも、
719000	720000	その、
720000	721000	夏休みの間に、
721000	722000	争うか、
722000	723000	されてたみたいな、
723000	724000	この、
724000	725000	大黒ドラッグで、
725000	726000	ちょっと、
726000	727000	手伝いしてたみたいな、
727000	728000	感じで、
728000	729000	ちょっと、
729000	730000	どなたか、
730000	731000	思い浮かぶ方って、
731000	732000	いらっしゃいますか、
732000	733000	一応、
733000	734000	興味あるって、
734000	735000	いうことで、
735000	736000	戻ってるんですけど、
736000	737000	その子は、
737000	738000	僕、
738000	739000	同級生で、
739000	740000	一緒に台湾行ってるんですけど、
740000	741000	その子、
741000	742000	帰らせて、
742000	743000	帰ってきて、
743000	744000	でも、
744000	745000	その子は、
745000	746000	大学を、
746000	747000	2年、
747000	748000	3年前に、
748000	749000	3年入るまで、
749000	750000	中退して、
750000	751000	石垣に戻ってきて、
751000	752000	旅行がいるんで、
752000	753000	今、
753000	754000	何されてる人?
754000	755000	今は、
755000	756000	えっと、
756000	757000	確かに、
757000	758000	宮城なんか、
758000	759000	残ってる方が、
759000	760000	いろいろ、
760000	761000	受付とか、
761000	762000	来たりしてるって、
762000	763000	話だったので、
763000	764000	他のホテルの人ですけど、
764000	765000	なんか、
765000	766000	午後から、
766000	767000	ずっと勤務だから、
767000	768000	早い、
768000	769000	7時、
769000	770000	8時の便だったら、
770000	771000	できるって、
771000	772000	来てる子とかも、
772000	773000	いたりするんですよね。
773000	774000	まあ、
774000	775000	主婦のあれだから、
775000	776000	うん。
776000	777000	だから、
777000	778000	そういう風に入れれば、
778000	779000	なんかね、
779000	780000	あの、
780000	781000	大体みんな、
781000	782000	他の仕事を持ちつつ、
782000	783000	っていう人が、
783000	784000	あ、
784000	785000	もちろん、
785000	786000	もちろん、
786000	787000	その方が、
787000	788000	会社がいる、
788000	789000	会社がいる、
789000	790000	会社のあれで、
790000	791000	あ、
791000	792000	あ、
792000	793000	そうです。
793000	794000	いや、
794000	795000	その、
795000	796000	今の、
796000	797000	あの、
797000	798000	雇用の、
798000	799000	あ、
799000	800000	形、
800000	801000	あ、
801000	802000	そうか、
802000	803000	そうか、
803000	804000	雇用系の、
804000	805000	あ、
805000	806000	それは、
806000	807000	ぜひぜひ、
807000	808000	つないで、
808000	809000	いただきたいですね。
809000	810000	まあ、
810000	811000	ちょっと、
811000	812000	希望なんか、
812000	813000	詳しいの、
813000	814000	分かんないけど、
814000	815000	分かります、
815000	816000	分かります。
816000	817000	一応、
817000	818000	連絡しつつ、
818000	819000	あ、
819000	820000	もう一人も、
820000	821000	もう一人も、
821000	822000	どんな、
822000	823000	ちょっと今、
823000	824000	ちょっと時間が、
824000	825000	あったんで、
825000	826000	今、
826000	827000	直近でも、
827000	828000	試聴会できるとしたら、
828000	829000	一人、
829000	830000	あ、
830000	831000	それはもう、
831000	832000	かなり、
832000	833000	あの、
833000	834000	かなり助かります。
834000	835000	9月8日でしたっていう、
835000	836000	別に、
836000	837000	ちょっと、
837000	838000	今、
838000	839000	高校生に、
839000	840000	声かけて、
840000	841000	そう、
841000	842000	第3候補ぐらい、
842000	843000	私が入ると、
843000	844000	言って、
844000	845000	高校生の、
845000	846000	高校、
846000	847000	なんか、
847000	848000	どのくらいの、
848000	849000	中国のレベルが、
849000	850000	必要なのかな、
850000	851000	と思いまして、
851000	852000	あの、
852000	853000	正直、
853000	854000	例えば、
854000	855000	こういう、
855000	856000	すでに翻訳されているものを、
856000	857000	こう、
857000	858000	アンケート用紙として見せて、
858000	859000	だけだったら、
859000	860000	まだいいと思うんですけど、
860000	861000	しゃべれる人はね、
861000	862000	特にないかな、
862000	863000	と思うんですけど、
863000	864000	あの、
864000	865000	自分で、
865000	866000	聞いて、
866000	867000	その、
867000	868000	受け取って、
868000	869000	ばーっとしゃべれる、
869000	870000	それを、
870000	871000	取れる、
871000	872000	という意味じゃなくて、
872000	873000	なんかもう、
873000	874000	ちょっと、
874000	875000	台湾の、
875000	876000	合格どれくらい、
876000	877000	試験は分かんないですけど、
877000	878000	例えば、
878000	879000	HSKで行ったら、
879000	880000	5、
880000	881000	6キロ欲しい、
881000	882000	ですよね、
882000	883000	なので、
883000	884000	でも、
884000	885000	高校、
885000	886000	試験に行く高生で、
886000	887000	その、
887000	888000	HSK4級以上だったら、
888000	889000	もう、
889000	890000	ほぼ、
890000	891000	なかなか、
891000	892000	0人か、
892000	893000	1人いるか、
893000	894000	いないか、
894000	895000	レベルの、
895000	896000	ハイレベルなので、
896000	897000	そうなんだ、
897000	898000	4級で、
898000	899000	ハイレベルなんだ、
899000	900000	ハイレベルです、
900000	901000	でも、
901000	902000	6、
902000	903000	6が、
903000	904000	マックスになる、
904000	905000	えっ、
905000	906000	6になると、
906000	907000	6が、
907000	908000	グレードが、
908000	909000	1が、
909000	910000	1番低い、
910000	911000	なるほど、
911000	912000	じゃあ、
912000	913000	その子を、
913000	914000	スカウトに行きますかね、
914000	915000	でも、
915000	916000	4級だと、
916000	917000	正直、
917000	918000	きついと思います、
918000	919000	そうなんだ、
919000	920000	現地の人が喋る、
920000	921000	そのスピードに、
921000	922000	ついてこれるのが、
922000	923000	いけない、
923000	924000	まあ、
924000	925000	だから、
925000	926000	それが、
926000	927000	それが、
927000	928000	いい経験になるって、
928000	929000	思えるような、
929000	930000	タイプの人だったら、
930000	931000	いいけど、
931000	932000	そこで、
932000	933000	なんか、
933000	934000	こう、
934000	935000	めれちゃったりとかすると、
935000	936000	なんか、
936000	937000	か、
937000	938000	かわいそうかなって、
938000	939000	感じはしますね、
939000	940000	うーん、
940000	941000	そう、
941000	942000	はい、
942000	943000	目は、
943000	944000	めいん、
944000	945000	メインは、
945000	946000	なに、
946000	947000	どういう感じ、
947000	948000	で、
948000	949000	一番メインが、
949000	950000	日本の、
950000	951000	まあ、
951000	952000	高校卒業生を、
952000	953000	台湾の大学に、
953000	954000	入れる、
954000	955000	入れるところの、
955000	956000	サポート、
956000	957000	まあ、
957000	958000	台湾、
958000	959000	留学支援、
959000	960000	っていうところを、
960000	961000	メインにしていまして、
961000	962000	大、
962000	963000	大学の入学です、
963000	964000	で、
964000	965000	弊社としては、
965000	966000	もう、
966000	967000	その、
967000	968000	まあ、
968000	969000	ビザの申請だったりとか、
969000	970000	あと、
970000	980800	自分たちでやってまして、台湾大学と提携して、台湾入ってから生活サポート、就職までサポート
980800	989520	大体、日本にいる時から卒業するまで約5年くらいあるんですけど、その期間はまだまだサポートするっていうのが
989520	993000	自分たちのメインの授業になっています。
993000	1000720	で、付随して台湾に行く、最初から行くのってすごく難しいじゃないですか、特に石垣から
1000720	1007720	台地に行ったことがないのにっていうところで、今、サマーキャップとかやってる短期留学のほうです。
1007720	1018680	これで長期休みに高校生に頼りしてまして、その期間は大学の寮に住んで宿泊して、大学で就業を受けて
1018680	1022760	で、放課後は大学生と遊びに行くようになる。全員プラットフォームで。
1022760	1025480	っていうのが、この二つのメインですね。
1025480	1031180	あの、ほんとに台湾の世界は一方的なんですけど、
1031180	1043060	こういうチームをやることで例えば、こういう話し合いできる場ができたらいいと
1043240	1047140	人が足りないときは利用していくじゃないですか。
1047140	1049940	私らも実は担当別に、
1049940	1050880	例えば、
1050880	1058660	社会保護担当、会計担当、広報担当など、いろいろなことを考えながらやってるんですけどね。
1058660	1069600	ことどゆう形としては、一応、例えばさっきの消防グループじゃないんですけど、そうゆうのがあればゆっくりでも行ったほうが、ね、こんな感じでいったら。
1069600	1085120	今後、アジアでの、例えば、予防面とかがあれば、アジアとの集会とか、いろんなことの手がかりになって、いやいや、これはできるかできないかわからないんでしたら、
1085120	1092420	ことどゆう知り合ったことをきっかけに、何かできればいいかなと。まずは一つからですけども。
1092420	1098200	お互い、どこの馬の群れかどうかわからないので、ごめんなさい、いやいや、全然大丈夫です。
1098200	1099580	だから、一つ、ちょっとずつ。
1099580	1112820	こんな機会ができましたのでね、何かあれば、きれいに、若い方から、連絡いただければ、協力できることができる。
1112820	1122920	僕としても、最初の台湾に行った理由っていうのは、石垣の、台湾と石垣とかをつなげる、
1122920	1127540	鍵足になりたいという気持ちがあるので、本当にご連絡いただいて、すごくうれしかったです。
1127540	1129560	ダメもそうでな、あそこで返せば、まさか。
1129560	1134560	あそこから、連絡していただけると、ちゃんとオーダーに入ってたんですけど。
1134620	1144040	なんで、もうどんどん今から、石垣に関連する事業、台湾に関連する事業をやっていきたいなと思っているので、
1144040	1149300	何かもしあれば、見ていただければできることが、言いたいなと思って。
1149300	1152140	これも実は、私ごとなんですけれども。
1152200	1154460	実は、私、旅行者と。
1154520	1158680	石垣ターミナルで、旅行者と運営というのを、
1158680	1159200	うち、
1159560	1166560	体調はちょっと悪かったと思うのですが、旅行もきれいに外したという。
1166560	1173560	ただ、NPO状態の中でNPOとしてもやっぱりしてはいけないといろんな意味があります。
1173560	1180560	やっぱり今後は、来年度以降、旅行関係に力を入れたいなと、
1180560	1192560	そういうのを考えていますので、何かそういう、お互いにできるような場所を見かけながら、
1192560	1197560	とりあえず実績を含めながら、お互い栄養を確認しながら、
1197560	1205560	物質的な言い方かもしれませんけど、そういう機会に考えていただければ、ありがたいなと思っています。
1205560	1207560	よろしくお願いいたします。
1207560	1208560	何か、
1208560	1209560	じゃあ、直近になると、
1209560	1210560	やっぱり、
1210560	1213560	情報保診剤というところがあれなんですかね。
1213560	1214560	そうですね。
1214560	1219560	あと、一つ、例えば今回、短期留学で行っていた7人いるじゃないですか。
1219560	1224560	彼らが、例えば簡単な、そういう調査アンケートとか調査とか、
1224560	1228560	何か、そういう何か、交流需要があったりするときって、
1228560	1230560	参加できたりっていうのは、可能なんですか。
1230560	1232560	たぶん、全然できると思います。
1232560	1235560	何人かは、公営塾に参加していることがあります。
1235560	1236560	そうなんですか。
1236560	1239560	それぞれと、地下さん。
1239560	1240560	そうなんですね。
1240560	1247560	この2回説明、説明会は全部、橋下千葉さんの、こちら、元々チャレンジャーの、
1247560	1249560	そうです。今ちょっと、
1249560	1250560	そう、別の、
1250560	1252560	でも、昨日も来て、ずっとこっちでさ、
1252560	1256560	お店じゃやっぱり仕事ができないって来てたんで、
1256560	1257560	今日、会えなかったんです。
1257560	1258560	地下さんです。
1258560	1259560	そうなんですね。
1259560	1260560	手伝っていただいているっていう。
1260560	1265560	で、公営塾でも、それで、公営塾の授業で、僕、応援会させていただいている。
1265560	1266560	そうなんですね。
1266560	1269560	じゃあ、7人のうち、本当に卒業したら台湾に行って、
1269560	1271560	台湾に行く人たちも結構いたり。
1271560	1274560	今、結構もう、みんな台湾に行くっていう。
1274560	1277560	もう、この夏休みでさらにね、公営工事になって。
1277560	1280560	そう。そのうちの3人も、春も参加してるんですよ。
1280560	1281560	あー、そっかそっか。
1281560	1286560	春参加して、あの、春は9日間って短い期間だったんですけど、
1286560	1290560	今回はもう、月で1ヶ月間、まるまる中国語を勉強してたんで。
1290560	1292560	そっかそっか。すごい良いですね。
1292560	1293560	良い取り組みだな。素晴らしいです。
1293560	1298560	台湾から開きに来たりとか、そういう、日本語学校的なことも考えています。
1298560	1302560	そこも実は、今、次のペースで考えていまして、
1302560	1308560	あの、そっちをもう入れたら、多分そっちの方が、
1308560	1311560	多分日本に来る方が、需要はすごくあると思うんですけど。
1311560	1316560	あの、というのは実は、あの、今の仕事を入れながら、
1316560	1322560	沖縄県の主催で、人材を要するに獲得しに行こうという、
1322560	1324560	県の計画が出ました。
1324560	1328560	それで台湾に何回か人材募集しに行くんですよ、面接もね。
1328560	1331560	で、あっち、あそこ、
1331560	1336560	一丸の道の隣にまた大きなビルがありますからね。
1336560	1337560	あちらで、
1337560	1338560	貿易センターですか。
1338560	1341560	ああ、そうそう。あそこで貿易センターです。
1341560	1345560	あっちだったら、人材、大学卒業者2人で採用して、
1345560	1346560	2年間使ったことがあるんです。
1346560	1347560	あ、本当ですか。
1347560	1352560	だから、あの、そういう、お互いに窓口になったんですけど、
1352560	1356560	ある時は、あの、会社の名前も知らなかった。
1356560	1357560	へえ。
1357560	1362560	人材派遣業は日本で一番な企業。
1362560	1364560	えっと、台湾にある人材。
1364560	1366560	台湾にもあったと。
1366560	1367560	うん。
1367560	1368560	じゃあ、とりあえず、
1368560	1369560	はい、はい、そういうことです。
1369560	1371560	商売でね、国、県の動きで、
1371560	1375560	中国行ったり、あの、韓国行ったり、
1375560	1381560	釜山行ったり、いろいろそういう人材を募集しに行ったことが何回かありますので、
1381560	1385560	そういうのをきっかけにね、お互いに日本語学をやりたい人材が、
1385560	1388560	単独、単独一回に決めたりとか、
1388560	1391560	広報関係で、ちょっと相手関係で見ましたので、
1391560	1394560	どうぞ、お勧めしていただければ。
1394560	1398560	逆に、こちらの石垣の今在住の方の中国語を、こう、
1398560	1400560	レッスンであればやるのもやられてるんですよね。
1400560	1406560	なんか、こっちの強みとして、一個、その台湾に、その、現地の学生が多いんです。
1406560	1410560	そ、そこをもう、僕たちのものとして使ってくれるんですね、自由に。
1410560	1411560	へえ。
1411560	1414560	なので、まあ、今サマーキャンペーン、今学生しかしてやってないんですけど、
1414560	1418560	僕は、僕はまた社会人の経験をやりたいと思ってるんですよ。
1418560	1419560	はい。
1419560	1420560	はい。
1420560	1421560	行きたい、もう行きたい。
1421560	1422560	いや、まあ、行きたい。
1422560	1423560	どうぞ、私も行きたい。
1423560	1425560	今、20代ですよね。
1425560	1428560	なので、ワーキングホリデーとかも、きれいに。
1428560	1431560	てか、オンラインで仕事できるから、大丈夫?
1431560	1434560	定期功労があれだったら、会議のときだけこう、入れて帰ってきて。
1434560	1436560	ああ、いいねえ。
1436560	1437560	いいねえ。
1437560	1439560	すぐに、すぐに。
1439560	1442560	それをもう、直近でやりたいなと、思っていまして、
1442560	1443560	ねえ。
1443560	1444560	そこですね。
1444560	1449560	今できることは、社員の方とかをモータイマーに伝えて、
1449560	1452560	あそこでも、短期集中ですね。
1452560	1457560	たぶん、1日、ほんと6時間とか、ちょっとやって、
1457560	1460560	やれば、3ヶ月で、一応こっちのプログラムっていうのは、
1460560	1464560	A2なんて、まあ、4級とか、もうちょい半年やれば、
1464560	1468560	HSK5級くらい取れるレベルに、ちょっといけると思って、
1468560	1472560	3ヶ月内社員、もしくは、もっと、ほんと、
1472560	1473560	集中にして、こういう、
1473560	1475560	親手に使うようなやつ。
1475560	1476560	すごい、いいと思いますね。
1476560	1478560	結局ね、フィリピンとかって、今そういう、
1478560	1481560	大人向けの短期留学が、もう、だいぶ確立しつつあるけど、
1481560	1484560	台湾っていうか、中国語って、今からの市場だから、
1484560	1488560	なんか、こう、結構、もう、来年がちょうどいいかもしれないですね。
1488560	1490560	まあ、まず、じゃあ、第1号で。
1490560	1492560	じゃあ、いきましょう。
1492560	1498560	それと、あとは、先ほど言ったように、その、
1498560	1502560	まずは、台湾で、日本語、
1502560	1505560	中国語を開講して、そこを修士で勉強して、
1505560	1508560	じゃあ、そのあと、じゃあ、石垣の雇用先があるのであれば、
1508560	1511560	グループ選抜制度ができる。
1511560	1514560	でも、もし、そこがあれば、もう、
1514560	1516560	カリキュラム的には、もう、あるって。
1516560	1517560	そうですよね。
1517560	1518560	そうですね。
1518560	1523560	あの、今のお話、ちょっと一緒、一緒なのに、
1523560	1529560	発想はね、あの、旅行者、今、旅行関係の話をしますけど、
1529560	1531560	クルーズ船も台湾から、さっきのときも来ますけど、
1532560	1535560	あの、通訳はいないんです。
1535560	1537560	通訳ないのが、日本、石垣島から。
1537560	1542560	そうで、たとえば、JPBとか、大手のHISとかは、
1542560	1547560	那覇で、その、人材を囲って、石垣に滞在して、
1547560	1551560	帰る前に、20万近くかかったらしいんですよ。
1551560	1555560	ちょこちょこ、私どもにしたら、日給だけで入らないですね。
1555560	1557560	たとえば、奈良さんのところだったら、
1557560	1560560	そう言っても大変だったら、ちょっと、ここで、
1560560	1561560	石垣の領域も、
1561560	1563560	領域も、石垣の領域も、
1563560	1565560	たとえばやるんですよね。
1565560	1569560	だから、今、で、あの、今、
1569560	1573560	キーイルの石垣の定期行動をやるにあたって、
1573560	1577560	一番の石垣の弱みが、実はですね、
1577560	1580560	因は全然、あるのが、
1580560	1582560	9割が大石垣だからなんですね。
1582560	1584560	9割以上かな。
1584560	1587560	だから、そういうのも、要するに、
1587560	1591560	商品を開発を、今、みんなね、
1591560	1594560	販売されているわけでは、一緒になるんですね。
1594560	1595560	まあ、そういう、もう、
1595560	1598560	できるものをしないこと、今、お話ししているんですけど、
1598560	1600560	毎日まで聞いていただければ、
1600560	1603560	そういう感じで、ごほうかなと、実は思ってまして、
1603560	1605560	いいパートナーがいるかと思って、
1605560	1607560	自分も生きて、
1607560	1609560	そういうふうに考えています。
1609560	1611560	じゃあ、落ち着いたときって、
1611560	1613560	たとえば、その、台湾人とかが、
1613560	1615560	宿泊する理由であれば、
1615560	1617560	料理であれば、あったりしますか?
1617560	1618560	ないです。
1618560	1619560	ない、ない。
1619560	1620560	だから、そういうことです。
1620560	1621560	いい服。
1621560	1622560	はい。
1622560	1624560	そういうのを全部脱げてくれれば、
1624560	1625560	みなさんで、
1625560	1627560	私はもう、頭も、
1627560	1629560	はい、はい、はい。
1629560	1632560	まあ、次に来られるのって、
1632560	1633560	大体、いつぐらいだったんですか?
1633560	1634560	え?
1634560	1635560	今ぐらいですけど、
1635560	1636560	もし仕事があれば、
1636560	1637560	リセットします。
1637560	1638560	あ、そうなんですか。
1638560	1639560	でも、たぶん、
1639560	1642560	今の3年生とかの、
1642560	1644560	その、留学の準備とかで、
1644560	1646560	また、なんか、冬までには、
1646560	1647560	来られるような、
1647560	1648560	そうですよね。
1648560	1649560	暑くなると。
1649560	1650560	うん。
1650560	1651560	そうですね。
1651560	1652560	次また、今度は、
1652560	1653560	もう一個、
1653560	1654560	TSMC、
1654560	1655560	はい、はい。
1655560	1656560	の、が、
1656560	1657560	台湾の、
1657560	1658560	一つの、
1658560	1659560	雲林っていうんですけど、
1659560	1660560	雲林といいますか、
1660560	1661560	雲林鍵台を、
1661560	1662560	と提供しまして、
1662560	1663560	日本人専門の、
1663560	1664560	半導体人材育成コースみたいに、
1664560	1665560	作ったんです。
1665560	1666560	あ、なるほど。
1666560	1667560	で、
1667560	1668560	そこ、完全日本人だけで、
1668560	1669560	そこ入ると、
1669560	1670560	4年間、
1670560	1671560	学費が、
1671560	1672560	プラス、
1672560	1673560	毎月5万円の、
1673560	1674560	生活費が、
1674560	1675560	もらえる。
1675560	1676560	そして、
1676560	1677560	卒業して、
1677560	1678560	その、
1678560	1679560	その、
1679560	1680560	そして、
1680560	1681560	卒業したら、
1681560	1682560	熊本に行くって、
1682560	1683560	分かりました。
1683560	1684560	へえ。
1684560	1685560	そっか。
1685560	1686560	もし、
1686560	1687560	熊本入らなくても、
1687560	1688560	あの、
1688560	1689560	返金は必要ないです。
1689560	1690560	へえ。
1690560	1691560	そうなんだ。
1691560	1692560	防衛大学よりもいいね。
1692560	1693560	確かに。
1693560	1694560	防弾返金だからいいんだ。
1694560	1695560	それも、
1695560	1696560	全然、
1696560	1697560	どうぞ。
1697560	1698560	さすが、
1698560	1699560	世界一だ。
1699560	1700560	なんか、
1700560	1701560	職種変えようかと思って。
1701560	1702560	そう思ってるの。
1702560	1703560	だめだよ。
1703560	1704560	収支もありまして。
1704560	1705560	へえ。
1705560	1706560	学費、
1706560	1707560	2年プラス収支で、
1707560	1708560	使えるっていう、
1708560	1709560	思う。
1709560	1710560	いいね。
1710560	1711560	さすが、
1711560	1712560	太っ腹ですよね。
1712560	1713560	ほんと、
1713560	1714560	すごいですね。
1714560	1715560	それの、
1715560	1716560	説明会を、
1716560	1717560	一応、
1717560	1718560	9月末に東京でやるんですけども、
1718560	1719560	もう、
1719560	1720560	最初、
1720560	1721560	提携することができました、
1721560	1722560	そこと。
1722560	1723560	ああ、
1723560	1724560	素晴らしい。
1724560	1725560	すごいですね。
1725560	1726560	なんか、
1726560	1727560	石垣でも、
1727560	1728560	特に、
1728560	1729560	商工とかじゃなくて、
1729560	1730560	IT系の、
1730560	1731560	いろいろあるじゃないですか。
1731560	1732560	うん。
1732560	1733560	なんか、
1733560	1734560	ここで、
1734560	1735560	説明会開催して、
1735560	1736560	ほんとですね。
1736560	1737560	これだって、
1737560	1738560	需要、
1738560	1739560	あるんですか、
1739560	1740560	他だったんですか、
1740560	1741560	事業って、
1741560	1742560	結構、
1742560	1743560	あるんでしょうね。
1743560	1744560	いやー、
1744560	1745560	ちょっと、
1745560	1746560	これ、
1746560	1747560	僕たちも、
1747560	1748560	まだ初めて、
1748560	1749560	まだ開催しなくて、
1749560	1750560	営業しながら、
1750560	1751560	はい。
1751560	1752560	なるほど。
1752560	1753560	あると思いますけどね。
1753560	1754560	でも、
1754560	1755560	あると思いますよ。
1755560	1756560	で、
1756560	1757560	で、
1757560	1758560	あの、
1758560	1759560	力だけじゃなくて、
1759560	1760560	あの、
1760560	1761560	機械工学、
1761560	1762560	工学マネジメントの方があって、
1762560	1763560	その、
1763560	1764560	文献もできるっていう、
1764560	1765560	あるんで、
1765560	1766560	一つね、
1766560	1767560	特化会として、
1767560	1768560	一つできたら、
1768560	1769560	はい。
1769560	1770560	なるほど。
1770560	1771560	いろいろ、
1771560	1772560	アレンジして、
1772560	1773560	いろいろ、
1773560	1774560	アレンジして、
1774560	1775560	考えられるようになって、
1775560	1776560	考えられるようになって、
1776560	1777560	すごいすごい。
1777560	1778560	また、
1778560	1779560	一生懸命、
1779560	1780560	いろいろ、
1780560	1781560	僕のように、
1781560	1782560	夏休み、
1782560	1783560	帰省して、
1783560	1784560	その期間かけ、
1784560	1785560	やったりとかも、
1785560	1786560	できるんで、
1786560	1787560	そう、
1787560	1788560	大学に行ってる子たちだって、
1788560	1789560	大学、
1789560	1790560	中学まで、
1790560	1791560	結構、
1791560	1792560	うまいと思うので、
1792560	1793560	そうですよね。
1793560	1794560	台湾の、
1794560	1795560	ちなみに、
1795560	1796560	夏休みって、
1796560	1797560	長期休暇って、
1797560	1798560	何月ぐらい?
1798560	1799560	8月に1回くらいあって、
1799560	1800560	2ヶ月、
1800560	1801560	今日が、
1801560	1802560	でも、
1802560	1803560	もう、
1803560	1804560	一番、
1804560	1805560	中国の人が多い、
1805560	1806560	台湾の人も多い時期かもしれないですね。
1806560	1807560	8月、
1807560	1808560	9月、
1808560	1809560	足りなかったりして、
1809560	1810560	苦労してたんです。
1810560	1811560	今がちょっと、
1811560	1812560	欧米系が多くなるんですね。
1812560	1813560	8月からね。
1813560	1814560	ああ、
1814560	1815560	そうですよね。
1815560	1816560	なんで、
1816560	1817560	ちょうど、
1817560	1818560	本当に、
1818560	1819560	でも、
1819560	1820560	まあ、
1820560	1821560	それに、
1821560	1822560	香港が入ったりとか、
1822560	1823560	香港が入ったりとか、
1823560	1824560	また、
1824560	1825560	香港からは、
1825560	1826560	定期的に、
1826560	1827560	飛行機も飛ぶんで、
1827560	1828560	そうですよね。
1828560	1829560	なんで、
1829560	1830560	まあ、
1830560	1831560	ここから先は、
1831560	1832560	いろいろね、
1832560	1833560	また、
1833560	1834560	こういうパンデミックが起きない限りは、
1834560	1835560	いろいろ、
1835560	1836560	留学したのに、
1836560	1837560	なんか、
1837560	1838560	ちょっと、
1838560	1839560	喋るところがないとか、
1839560	1840560	いや、
1840560	1841560	たぶん、
1841560	1842560	めちゃくちゃ使いたいですね。
1842560	1843560	そういった、
1843560	1844560	方も、
1844560	1845560	たぶん、
1845560	1846560	たくさんいらっしゃると思うんですけど、
1846560	1847560	私の方も、
1847560	1848560	分からないですね。
1848560	1849560	いや、
1849560	1850560	もう、
1850560	1851560	学生的には、
1851560	1852560	やっぱ、
1852560	1853560	中国を使う仕事ができるっていうのは、
1853560	1854560	本当に、
1854560	1855560	そうそうそう。
1855560	1856560	めちゃくちゃやりたいんでしょうね。
1856560	1857560	いや、
1857560	1858560	なんか、
1858560	1859560	全く、
1859560	1860560	使わないので、
1860560	1861560	基本、
1861560	1862560	本業オーナーだから、
1862560	1863560	別に、
1863560	1864560	全然、
1864560	1865560	でも、
1865560	1866560	今、
1866560	1867560	来てる方達も、
1867560	1868560	ほぼほぼ、
1868560	1869560	なんだろう、
1869560	1870560	そんな感じ?
1870560	1871560	自分の故郷の人が困ってるのを、
1871560	1872560	なんとかしたいとか、
1872560	1873560	昔の方言とか、
1873560	1874560	地元の人と話すと楽しいとか、
1874560	1875560	せっかく覚えたね、
1875560	1876560	中国語が、
1876560	1877560	たまに、
1877560	1878560	喋れると楽しいみたいな。
1878560	1879560	今年に入ってるんですよ。
1879560	1880560	今年の2月になって、
1880560	1881560	404年ぶりに、
1881560	1882560	ちょっと、
1882560	1883560	一生懸命、
1883560	1884560	仕事をしたくて、
1884560	1885560	だから、
1885560	1886560	本当に、
1886560	1887560	あんまり、
1887560	1888560	何か、
1888560	1889560	そういう人が、
1889560	1890560	多いかもしれない。
1890560	1891560	怖いし、
1891560	1892560	もったいないし、
1892560	1893560	そうか、
1893560	1894560	そうか、
1894560	1895560	っていうのがあるんで、
1895560	1896560	ぜひ、
1896560	1897560	ぜひ、
1897560	1898560	ぜひ、
1898560	1899560	まず、
1899560	1900560	さっきおっしゃってた方を、
1900560	1901560	できれば、
1901560	1902560	はい、
1902560	1903560	繋いでいただけたらな、
1903560	1904560	と思いますね。
1904560	1905560	ここら辺、
1905560	1906560	やりたいですね、
1906560	1907560	石垣。
1907560	1908560	そうですね、
1908560	1909560	なんか、
1909560	1910560	多分、
1910560	1911560	いろんな可能性は、
1911560	1912560	広がっていくと思いますので、
1912560	1913560	こっちの話は、
1913560	1914560	話したら、
1914560	1915560	今日の観光、
1915560	1916560	やっぱり、
1916560	1917560	ちょっと、
1917560	1918560	教会の、
1918560	1919560	契約の話とか、
1919560	1920560	文字、
1920560	1921560	いやいや、
1921560	1922560	うん、
1922560	1923560	一応、
1923560	1924560	その、
1924560	1925560	流れは、
1925560	1926560	中、
1926560	1927560	今の、
1927560	1928560	中国語を話せる、
1928560	1929560	ガイドの方が、
1929560	1930560	あんまり、
1930560	1931560	ちょっと、
1931560	1932560	足りない時期が、
1932560	1933560	8、9月あったので、
1933560	1934560	どなたか、
1934560	1935560	紹介していただけませんか、
1935560	1936560	っていうのは、
1936560	1937560	ちょっと、
1937560	1938560	条件面もお伝えして、
1938560	1939560	でも、
1939560	1940560	なんか、
1940560	1941560	もし、
1941560	1942560	その方も、
1942560	1943560	疑問があったら、
1943560	1944560	直接、
1944560	1945560	言っていただいて、
1945560	1946560	あったり、
1946560	1947560	もしくは、
1947560	1948560	現場の、
1948560	1949560	的打ちを、
1949560	1950560	やっている状態で、
1950560	1951560	今、
1951560	1952560	そういう状態になっている、
1952560	1953560	っていうのは、
1953560	1954560	聞いていますよね、
1954560	1955560	はい、
1955560	1956560	そうですね、
1956560	1957560	そこまで、
1957560	1958560	分けていた、
1958560	1959560	ちなみに、
1959560	1960560	あの、
1960560	1961560	申し訳ございましたが、
1961560	1962560	彼女も、
1962560	1963560	商工出身、
1963560	1964560	はい、
1964560	1965560	商工ですね、
1965560	1966560	二中の商工、
1966560	1967560	ああ、
1967560	1968560	私も、
1968560	1969560	二中、
1969560	1970560	二中好きです、
1970560	1971560	何?
1971560	1972560	私は、
1972560	1973560	二中、
1973560	1974560	二中です、
1974560	1975560	二中、
1975560	1976560	やっぱ、
1976560	1977560	人口多いから、
1977560	1978560	そのうち、
1978560	1979560	子供みたいなもんね、
1979560	1980560	はい、
1980560	1981560	そのうち、
1981560	1982560	やるじゃないですか、
1982560	1983560	台湾に入学した、
1983560	1984560	人たちで、
1984560	1985560	二中の、
1985560	1986560	何か、
1986560	1987560	もわいとか、
1987560	1988560	始まるんじゃないですか、
1988560	1989560	二中の、
1989560	1990560	二中の、
1990560	1991560	中国人、
1991560	1992560	現在、
1992560	1993560	一番、
1993560	1994560	中国人で、
1994560	1995560	ねえ、
1995560	1996560	あなたが、
1996560	1997560	申し訳ございましたが、
1997560	1998560	斜めに、
1998560	1999560	あって、
1999560	2000560	どうぞ、
2000560	2001560	弥生工ですか、
2001560	2002560	弥生工です、
2002560	2003560	全員弥生工です、
2003560	2004560	あ、
2004560	2005560	そうなんだ、
2005560	2006560	これは、
2006560	2007560	日本に配ったものもあって、
2007560	2008560	あの、
2008560	2009560	ビラ配り、
2009560	2010560	で、
2010560	2011560	基本的には、
2011560	2012560	全部、
2012560	2013560	日差しで、
2013560	2014560	やってるんですけど、
2014560	2015560	何か、
2015560	2016560	弥生工資格があって、
2016560	2017560	弥生工資格があって、
2017560	2018560	やってるんですよね、
2018560	2019560	そっかそっか、
2019560	2020560	一応、
2020560	2021560	中国、
2021560	2022560	商工でもね、
2022560	2023560	そうですよね、
2023560	2024560	商工があってもね、
2024560	2025560	何か、
2025560	2026560	弥生工だけで、
2026560	2027560	何か、
2027560	2028560	そういう機会がなくても、
2028560	2029560	弥生工してるね、
2029560	2030560	商工をやってるから、
2030560	2031560	そうです、
2031560	2032560	商工したり、
2032560	2033560	商工も、
2033560	2034560	商工の修学力効果、
2034560	2035560	そう、
2035560	2036560	そうです、
2036560	2037560	今年も復活したんだっけ、
2037560	2038560	まだ、
2038560	2039560	分かんない、
2039560	2040560	僕の代で、
2040560	2041560	最後でした、
2041560	2042560	止まったもんね、
2042560	2043560	で、コロナの間の修学力も、
2043560	2044560	なくなったんだよね、
2044560	2045560	だから、
2045560	2046560	すごい何か、
2046560	2047560	それを楽しみにして、
2047560	2048560	商工行ったのに、
2048560	2049560	みたいな、
2049560	2050560	観光行ったのに、
2050560	2051560	みたいな、
2051560	2052560	ここは、
2052560	2053560	すごい、
2053560	2054560	いっぱいいたからね、
2054560	2055560	そうですよね、
2055560	2056560	なんか、
2056560	2057560	弥生工資格がないので、
2057560	2058560	そうですよね、
2058560	2059560	だからね、
2059560	2060560	結果、
2060560	2061560	やっぱり、
2061560	2062560	台湾の修学力効果復活なんで、
2062560	2063560	うん、
2063560	2064560	持ってきたら、
2064560	2065560	いいかもしれない、
2065560	2066560	そう、
2066560	2067560	いけると思いますよ、
2067560	2068560	本当ですか、
2068560	2069560	弥生工業がやってましたから、
2069560	2070560	いやいや、
2070560	2071560	あと、
2071560	2072560	今、
2072560	2073560	観光庁が、
2073560	2074560	それこそ、
2074560	2075560	修学旅行、
2075560	2076560	こっちから海外に行くっていうので、
2076560	2077560	インバウンド系だけど、
2077560	2078560	こっちの修学旅行企画で、
2078560	2079560	造成で、
2079560	2080560	そういえば、
2080560	2081560	出してますね、
2081560	2082560	もう、
2082560	2083560	やりたいですね、
2083560	2084560	うん、
2084560	2085560	僕、
2085560	2086560	最初に、
2086560	2087560	そっか、
2087560	2088560	会社起業して、
2088560	2089560	2年前に、
2089560	2090560	最初に、
2090560	2091560	医者に来て、
2091560	2092560	弥生工と商工に、
2092560	2093560	弥生に行って、
2093560	2094560	説明会させてください、
2094560	2095560	って言ったんですけど、
2095560	2096560	なんか、
2096560	2097560	硬いんで、
2097560	2098560	いや、
2098560	2099560	校長によるかな、
2099560	2100560	そう、
2100560	2101560	なんか、
2101560	2102560	これ、
2102560	2103560	ずっと見てました、
2103560	2104560	みんな、
2104560	2105560	この校長が嫌で、
2105560	2106560	そう、
2106560	2107560	で、
2107560	2108560	今、
2108560	2109560	変わったんですかね、
2109560	2110560	今年から、
2110560	2111560	うん、
2111560	2112560	今年、
2112560	2113560	どんな人、
2113560	2114560	私、
2114560	2115560	実は、
2115560	2116560	商工の、
2116560	2117560	もう、
2117560	2118560	もう、
2118560	2119560	30年くらい前ですけど、
2119560	2120560	修学旅行があったんですよ、
2120560	2121560	うん、
2121560	2122560	行ったんです、
2122560	2123560	修学旅行に、
2123560	2124560	1回で、
2124560	2125560	うん、
2125560	2126560	なんでだろうね、
2126560	2127560	うん、
2127560	2128560	まあ、
2128560	2129560	お金の問題は、
2129560	2130560	多分、
2130560	2131560	大きいかも、
2131560	2132560	JSBの長寿なんで、
2132560	2133560	その時、
2133560	2134560	僕は、
2134560	2135560	商工に行って、
2135560	2136560	OK、
2136560	2137560	で、
2137560	2138560	説明会させてもらってたんですよ、
2138560	2139560	話させていただいて、
2139560	2140560	その時も、
2140560	2141560	えっと、
2141560	2142560	まあ、
2142560	2143560	12月の30日、
2143560	2144560	で、
2144560	2145560	30、
2145560	2146560	31日に、
2146560	2147560	3で帰ったのかな、
2147560	2148560	年々、
2148560	2149560	そうそう、
2149560	2150560	じゃあ、
2150560	2151560	すごい、
2151560	2152560	その時は、
2152560	2153560	101になかったと思う、
2153560	2154560	ああ、
2154560	2155560	確かに、
2155560	2156560	そう、
2156560	2157560	そう、
2157560	2158560	だから、
2158560	2159560	多顔とか、
2159560	2160560	結構、
2160560	2161560	だったんですけど、
2161560	2162560	うん、
2162560	2163560	なるほど、
2163560	2164560	うん、
2164560	2165560	いやいや、
2165560	2166560	すごい、
2166560	2167560	縁ですよ、
2167560	2168560	だから、
2168560	2169560	1回だけ行った時に、
2169560	2170560	台湾に縁があった、
2170560	2171560	そう、
2171560	2172560	うわあ、
2172560	2173560	すごいな、
2173560	2174560	商工、
2174560	2175560	商工、
2175560	2176560	商業科の、
2176560	2177560	タップ?
2177560	2178560	あれは、
2178560	2179560	なかったんで、
2179560	2180560	商業科の、
2180560	2181560	そうか、
2181560	2182560	20年代、
2182560	2183560	募って行ったんですけど、
2183560	2187060	ね 何がかさんないけどね
2187060	2191680	もう証拠のお金使って散々行きますね めちゃめちゃ行きます
2191680	2195260	え、お帰国?いいですね、中学旅行
2195260	2200180	お帰国は今年ちょっとやらせていただいたんですよ お帰国のお帰国のおくろくま
2200180	2202320	あ、本当ですか?
2202320	2205360	お帰国におきて えー
2205360	2208800	なんか縁があるじゃないですか
2208800	2212500	そこにもなんかあるじゃないですか 一応言ってみてなんかお姉ちゃんがとかで
2212500	2214600	お姉ちゃんがとかになる
2214600	2216600	え?
2216600	2218800	お兄ちゃんのお店?
2218800	2220800	えーーー
2220800	2222800	お帰国のお帰国のお店
2222800	2224800	そうか
2224800	2231800	帰国そうなんですよ、なんかちょっと僕の就職関連のところの課があって
2231800	2236800	インターン、インタープログラムみたいなのが毎年あったみたいで
2236800	2238800	そこの台湾で今年やるっていうところで
2238800	2242800	僕が現地コーディネートさせていただいて
2242800	2244800	で、もうその話もらって
2244800	2247800	すぐ台湾で現地の会社ですね
2247800	2249800	お経営者免許を探して
2249800	2251800	両経営人と一緒に
2251800	2253800	一週間だけなんですけども
2253800	2255800	やらせていただいてもしたんで
2255800	2259800	なんかそういう学校機能があればもう全部やりますんで
2259800	2261800	宿泊先と
2261800	2265800	宣伝とかは全然こっちが僕ができるようになって
2265800	2268800	で、僕自身も台湾の旅行会社で
2268800	2271800	宿泊先と宣伝してて
2271800	2273800	いいじゃない
2273800	2277800	旅行系もできると思って
2277800	2279800	なんかちょっともうやっちゃいましょうか
2279800	2281800	一応あれしましょうか
2281800	2283800	メッセンジャーで繋がって
2283800	2285800	今さっき言ってたのまず送りましょうか
2285800	2287800	ありがとうございます
2287800	2291800	ゆっくりゆっくり本と典型の旅行部門作りますので
2291800	2293800	やってください
2293800	2295800	ありがとうございます
2295800	2297800	見つけました
2298800	2300800	僕もいろいろやってたんですようち
2300800	2302800	千葉の麗澤大学
2302800	2304800	はいはいはい
2304800	2306800	学生を聞こえて
2306800	2308800	手の方に送り込んだりとか
2308800	2310800	なるほど
2310800	2312800	どっかやってますよ
2312800	2314800	そういう
2314800	2316800	麗澤大学
2316800	2318800	確かの
2318800	2320800	記念かなんかで
2320800	2322800	麗澤大学の宿舎みたいなやつは
2322800	2324800	僕炭鉱大学で出身なんですけど
2324800	2326800	その大学にはあるんですか
2326800	2327800	いや
2327800	2331800	麗澤が台湾と経験してるのか紹介しますよ
2331800	2332800	そうかそうか
2332800	2333800	多分一緒だと思う
2333800	2336800	僕そこの大学出身
2336800	2338800	山川教授
2338800	2340800	山川教授
2340800	2343800	そうかそうか
2343800	2346800	ういちょ関係は知っておられますよ
2346800	2351800	人材もしこっちも紹介したいなと思って
2351800	2353800	いやー
2353800	2356800	多分もう日本語教える環境は全部あるんですけど
2356800	2360800	その先をやっぱちゃんとしっかりやりたくて
2360800	2362800	うんうんそうですよね
2362800	2363800	なんか本当ですね
2363800	2366800	普通に石垣とかで困るし
2366800	2368800	多分めちゃくちゃ来たい人
2368800	2370800	いっぱいいると思うんですね
2370800	2372800	今そういう関係は
2372800	2376800	窓口は今私と僕しかないので
2376800	2378800	多分facebookで
2378800	2379800	繋がってますよ
2379800	2380800	あれ本当だ
2380800	2382800	鳩間くん繋がってるね
2382800	2383800	りょうさんも?
2383800	2385800	見たことあるなと思ってたんですよ
2386800	2388800	桂山の3人もですか?
2388800	2390800	桂山の3人は
2390800	2392800	台湾によく行ってますもんね
2392800	2396800	一緒に最初ライブの時も一緒に回らしてる
2396800	2397800	そうなんですね
2397800	2399800	今メッセージ送ったんで
2399800	2401800	すいません
2401800	2403800	神崎さんもスターの先
2408800	2413800	じゃあちょっとねすでに動けそうなのはいくつか連絡して
2413800	2415800	なんかぜひね
2416800	2419800	いろいろできれば
2419800	2421800	メッセージ送っていただいたんですか?
2421800	2424800	今リクエストをしました
2424800	2426800	リクエストはい
2426800	2428800	返しました
2428800	2430800	ありがとうございます
2435800	2437800	いいですね
2437800	2440800	なんかもういろいろ繋がりますね
2440800	2442800	お時間大丈夫ですか?
2442800	2444800	いやいや全然僕ははい
2444800	2445800	大丈夫です
2445800	2447800	ありがとうございます
2447800	2449800	石垣の関わることで大変なんですけど
2449800	2452800	でも僕今会社自体は東京にある
2452800	2454800	東京に拠点はあるので
2454800	2456800	何かとも掛かりがなってて
2456800	2458800	どうしようかなと思って
2462800	2463800	いろいろな
2463800	2464800	台湾にもな
2464800	2465800	北海道にもなって
2465800	2466800	そうですね
2466800	2467800	じゃあすぐ行ってきます
2467800	2469800	ずっとこの日に注意して
2469800	2470800	こっちいろいろ
2470800	2472800	県人会とかもあるんですか?
2472800	2473800	はいはい
2473800	2474800	はい黒島さん
2474800	2477800	うまいことだからワンワングループがやれば
2477800	2478800	拠点はできましたね
2478800	2479800	うまくいけばね
2479800	2480800	はいはい
2480800	2486800	これだけはまだ全て信じないでください
2486800	2487800	はいはい
2491800	2494800	黒島さんは台北ですか?
2494800	2495800	台北です
2495800	2497800	もうずっとお世話なんですよ僕は
2497800	2498800	医者会やってる人ですか?
2498800	2500800	そうです会長です
2500800	2503800	今回もサマーキャンプ学生連れて行って
2503800	2505800	全部招待してくれて
2505800	2506800	いい加工
2506800	2507800	いい
2507800	2510800	30、40名くらいも居酒屋で全部行ってくれて
2510800	2512800	おー太っ腹
2512800	2513800	太っ腹さん
2513800	2516800	でも嬉しいんでしょうね
2516800	2517800	そうですね
2522800	2523800	そうか
2527800	2528800	なんかね
2531800	2532800	いただきます
2532800	2533800	ありがとうございます
2533800	2534800	ありがとうございます
2534800	2535800	めっちゃ美味しいです
2535800	2536800	ありがとうございます
2536800	2537800	ありがとうございました
2537800	2540800	じゃあとりあえずさっきの通訳の方を紹介して
2540800	2541800	あ、いいんですか?
2541800	2542800	いいです
2542800	2543800	じゃあ
2543800	2544800	はい
2545800	2547800	行動、あと5分あるんで
2547800	2548800	ありがとうございます
2548800	2549800	よろしくお願いします
2549800	2552800	あのー紹介していただくのとちょっと
2552800	2559800	えっと高校生後っていうのはちょっといきなりは難しいかもしれないですね
2559800	2560800	ちょっとですね
2560800	2561800	そうですね
2561800	2564800	でも結構職を
2564800	2566800	もうこの話は一応してて
2566800	2570800	ある様子で興味あるっていう風に話をしてたんで
2570800	2575800	公営塾の子たちならちょっとまぁそこから声かけてもらうのでもいいかもしれないですね
2575800	2577800	計画から始めてもいいんじゃないですか
2577800	2578800	そうですね
2578800	2579800	そうしましょうか
2579800	2581800	お金はわからないけど見るだけとかね
2581800	2582800	もし
2582800	2584800	そうやったらもらっていくのでやりたいと思います
2584800	2585800	うん
2585800	2586800	ね
2586800	2588800	ちょっとえっと
2588800	2590800	じゃあ公営塾に来てる子を
2590800	2594800	なんか話をしてみて
2594800	2601800	でまぁそれから繋がってちょっと一緒に手伝ってもらうことがあれば高校生たちに
2601800	2602800	そうですね
2602800	2603800	無理のないような
2603800	2604800	8日の分はあれでしょ
2604800	2605800	みやみやの
2605800	2608800	あそこから紹介していただける方にちょっとお話をして
2608800	2609800	8日のお話ですか
2609800	2611800	えっと
2611800	2613800	時間何時だっけ
2613800	2615800	いつまででしたよ
2615800	2619800	僕はちょっと明日帰る予定だったんですけど
2619800	2623800	じゃあちょっと話でちょっともうちょっと言おうかな
2623800	2627800	明日商工の方にちょっとお邪魔させていただくんですけど
2627800	2632800	あと1週間弱は8日だと思ってます
2632800	2634800	なんでも知らんから
2634800	2635800	8日
2635800	2637800	元々改めて
2637800	2639800	11時半からですか
2639800	2640800	はいはい
2640800	2643800	11時半から2時半までの3時間
2643800	2645800	あ
2645800	2647800	日曜日になりますね
2647800	2648800	ちょっと足りなくて
2649800	2654800	日曜日だからもし高校生で積極的にやりたいって子がいたら
2654800	2656800	でもできないのは難しいんですよね高校生が
2656800	2659800	前バイトしてた子からがいいのか
2659800	2661800	そしたらそっちから
2661800	2662800	そうそう
2662800	2663800	ダメであれば
2663800	2664800	うん
2664800	2665800	厳しいのであれば
2665800	2666800	そう
2666800	2668800	一応喧嘩だけでもって
2668800	2670800	じゃあ呼びかけてみますか
2670800	2671800	うん
2671800	2673800	でも今から
2673800	2675800	まだいらっしゃるんだったら
2675800	2677800	もし興味がある子たち
2677800	2678800	なんかね全然
2678800	2680800	あらさんがいないのに
2680800	2682800	知らない人たちが
2682800	2685800	置いてって言って高校生いきなり集めたりすると多分
2685800	2686800	なんか
2686800	2687800	そうですね
2687800	2688800	なんかちょっとね
2688800	2690800	気の毒というか警戒というか
2690800	2693800	親御さん保護者の方も心配するだろうから
2693800	2694800	うん
2694800	2695800	ちょっとそこは
2695800	2697800	経営陣の関係があるんで
2697800	2699800	ちょっとまた看護協会の方に行って
2699800	2700800	誰々あるとかって
2700800	2702800	まだそれもやらないといけないんで
2702800	2704800	そうだったら
2704800	2706800	事前にあらさんがいらっしゃる時に
2706800	2707800	ねえ
2707800	2708800	ああそうか
2708800	2710800	いきなり明日じゃあ
2710800	2712800	というわけにはちょっとあれなんですね
2712800	2713800	そうか
2713800	2715800	ねえそうですね
2718800	2721800	何時先にご連絡いただければ
2721800	2722800	11時の
2722800	2723800	何時でしたっけ
2723800	2724800	11時半
2724800	2725800	3時間
2725800	2726800	11時から
2726800	2727800	11時半
2727800	2728800	11時半
2728800	2729800	はいはい
2729800	2731800	半から3時間ですね
2731800	2732800	はい
2732800	2734800	承知いたしました
2737800	2744800	はい
2744800	2745800	давайте
2745800	2746820	美味しい
2746820	2747800	美味しい
2747800	2748800	とうとう
2748800	2752800	Dona
2752800	2753800	食べてなんか
2753800	2754800	ちょっと
2754800	2755800	食べて
2755800	2756800	あー
2756800	2757800	あー
2757800	2758800	あー
2758800	2759800	あー
2759800	2760800	味 optimal
2760800	2765800	c
2767800	2774800	文明の歴に追いついていけないところがありますね。
2782800	2787800	石垣の多くの佳境の方がいらっしゃるんですよ。
2787800	2789800	少ないですけど。
2789800	2794800	ですけど、この黒磯の時は佳境の方がほとんどバスに乗るんですよ。
2794800	2797800	仕組みは?
2800800	2805800	今、福島でやっているガイドの方は全然人が足りなくて、
2805800	2811800	やっぱりバスに乗っている人はほぼ佳境の方。
2811800	2815800	クルーズ、大国でやっていた時も、
2815800	2823800	市内に入らないで、裏の方に中国人が開いている、
2823800	2824800	そうです。
2824800	2827800	そう、潜入したんですよ。
2827800	2829800	ああ、どうですか。
2829800	2831800	似てますね。
2831800	2833800	なんか、しれっと見に行ったりしてたよね。
2833800	2834800	あ、そうそう。
2834800	2835800	周回を始めた時に潜入してた。
2835800	2837800	そうそう、同じことしてるね。
2837800	2839800	値段高いし。
2839800	2840800	貼れましたもんね。
2840800	2841800	あ、貼れました。
2841800	2843800	あ、だって追い出されたんだっけ。
2843800	2844800	僕行きましたね。
2844800	2846800	写真撮って。
2846800	2848800	そうだったね。
2848800	2850800	警戒されて、多分もう行けないだろうって。
2850800	2854800	その日、たまたま船が入ってきた時に、僕が通訳で入って、
2854800	2856800	そこのガイドさんたちもいたんですよ。
2856800	2858800	顔、たぶんバレちゃって。
2858800	2860800	現場でバレちゃって、顔が。
2860800	2862800	欲しいですね。
2862800	2864800	あ、まずいって言って。
2864800	2866800	よろしくお願いします。
2866800	2867800	ありがとうございます。
2867800	2869800	すいません、長い間言って、ありがとうございました。
2869800	2870800	はーい。
2870800	2871800	では、終わりたいと思います。
2871800	2872800	はい。
2872800	2873800	あ、リュウジョウ、どうぞ。
2873800	2874800	いやいや、リュウジョウどうぞ。
2874800	2875800	リュウジョウどうぞ。
2875800	2877800	お孫さん。
2877800	2879800	リュウジョウのミュージックです。
2879800	2883800	今年の正月、101のアニメをやっているんですけども、
2883800	2886800	やっぱ、あの辺の近くで思ってる通り撮ったんですよ。
2886800	2888800	やっぱ、地下鉄、どっちで止まります?
2888800	2890800	いや、地下鉄は行けますよ。
2890800	2891800	行けます。
2891800	2892800	12時でしたっけ?
2892800	2893800	12時以上です。
2893800	2894800	あ、そうなんですね。
2894800	2897800	あ、全然動きますね。
2897800	2898800	動きますね。
2898800	2899800	人多いですよ。
2899800	2900800	人多いですけど。
2900800	2903800	あの辺、出口ブースにされます?
2903800	2907800	あのー、101と防衛センターの向かい道路、
2907800	2908800	全部交差されて、
2908800	2912800	あそこ、みんなあそこで座ってたりします。
2912800	2913800	はい。
2913800	2914800	渋々と。
2914800	2915800	そうです。
2915800	2918800	なので、101駅まで行って、11周辺に行けるんで、
2918800	2920800	行きは全然大丈夫です。
2920800	2922800	帰りは、止めますけど。
2922800	2923800	はい。
2923800	2925800	ちょ、歩いて30分くらい歩きましょう。
2925800	2926800	おー。
2926800	2930800	もう、今、昨日の夜見てたら、周辺、101に全部回りましたね。
2930800	2933800	ここ、ここまだ使ってもらっていいんで、ちょっと離していただいて。
2933800	2935800	じゃあ、イランさん、ちょっとじゃあ、もう帰られますか?
2935800	2937800	うん、いやいや、いいよ。
2937800	2938800	大丈夫?
2938800	2939800	行きますかね?
2939800	2940800	はい。
2940800	2941800	はい。
2941800	2942800	行きますね。
2942800	2943800	はい。
2943800	2945800	よろしくお願いします。
2945800	2947800	この、ご縁の帯びて、
2947800	2948800	はい。
2948800	2949800	ぜひ。
2949800	2950800	今度、よろしく。
2950800	2952800	よろしくお願いします。
2952800	2955800	いや、ちょっと時間、あるんやけどな。
2955800	2956800	はい。
2956800	2957800	ありがとうございます。
2957800	2960800	僕が、次、5時からちょっと仕事だからね。
2960800	2961800	はい。
2961800	2962800	よろしくお願いします。
2962800	2963800	はい。
2963800	2964800	また、いらっしゃいます。
2964800	2965800	ありがとうございます。
2965800	2966800	やっぱ、わかるんですね。
2966800	2967800	ええ。
2967800	2968800	みんな、わかる?
2968800	2969800	いいです。
2969800	2970800	みんな、これは知ってんでしょう?
2970800	2971800	いいですよ。
2971800	2976800	これ持ってると、おじちゃんって言われますね。
2976800	2981800	確かに確かに。今ちょっとおしゃれアイコンになってますけど。
2981800	2985800	台湾で使ってる人、みんな見たことないですもんね。
2985800	2987800	まあそうですね。本当におじちゃんはおじちゃんです。
2987800	2992800	ちょっと一緒にお手洗いして。
2992800	2996800	じゃあ僕はちょっとこれで失礼します。
2996800	3000800	仕事です。また5時からなので。
3000800	3004800	もうずっと夜まで、だから僕埋まってるんですよ。
3004800	3009800	会議とかがもし4時とか5時とかあったら、僕は多分基本。
3009800	3011800	何時くらいから?夕方?
3011800	3014800	夕方から5時から12時くらいまでがだいたい埋まってる。
3014800	3016800	早い方がいいのか?
3016800	3021800	2時とかだったらいいんですよ。だから5時とかだったらちょっと休み。
3021800	3024800	前、こっち集まった時はたまたま休みだったから。
3024800	3027800	そうなんだ。早い方がいいんだ。どちらかいうとな。
3027800	3028800	2時くらい?
3028800	3029800	5時までに。
3029800	3030800	終わるってこと?
3030800	3031800	終わらないといけないんでしょ。
3031800	3032800	そうそうそう。
3032800	3034800	ギリ4時半くらいまでだったな。
3034800	3035800	ギリギリ。
3035800	3036800	ギリ4時ね。
3036800	3037800	そうそうそう。そんな感じです。
3037800	3040800	なるほど。これ曜日も決まってるってことだよね?
3040800	3042800	いや、決まってないです。もうシフトなので。
3042800	3043800	決まってない。
3043800	3044800	もうバラバラですね。
3044800	3045800	あ、そうか。
3045800	3047800	オッケーオッケー。分かった分かった。
3047800	3051800	はい、ありがとうございます。
3051800	3052800	お疲れ様です。
3052800	3054800	お疲れ様です。
3054800	3056800	お疲れ様です。
3056800	3058800	お疲れ様です。
3058800	3059800	お疲れ様です。
3059800	3061800	時 mushrooms。
3061800	3062800	ぇ?
3062800	3063800	俺の車できんの?
3063800	3064800	コイン、どれ?
3064800	3065800	こっち?
3065800	3066800	ここって、コイン、ドアだよなぁ。
3066800	3067800	どりんか。
3067800	3068800	え、もう一回考えた?
3068800	3069800	同じ?
3069800	3070800	1、2、3、4、5、6。
3070800	3073800	なんか乗ってたんだかんいたい。
3073800	3074800	彼、もう一回考えた?
3074800	3075800	そろそろ持って来ない。
3075800	3076800	楽しめるよ。
3076800	3077800	それでどんどん箱ツインしないというか。
3077800	3078800	今回はお気に入りで。
3078800	3079800	あ、まさにこういう風にiten10匹っていうことだもんね。
3079800	3080800	そうなんて言うんでしょ。
3080800	3087800	僕家が買ってきたビーフーサードいるから、
3087800	3088800	このとこ。
3088800	3091800	クルーズセットの人がみんな 仕事なんて動きやすいよね
3091800	3093800	そういうのも わからなかったな
3093800	3094800	そう 作ろうか
3094800	3097800	なんか 原画も あんたで作ってくれたら
3097800	3099800	こっちで作ったらいいんじゃないでしょうか
3099800	3100800	はい
3100800	3101800	いいし
3101800	3104800	原画さんも 気になりたいんですかね
3104800	3105800	ああ
3105800	3107800	みんな 多分 特にアナウンサーになりたい
3107800	3109800	そういう人たちも 気に入って下さい
3111800	3113800	そういう事で 作って下さい
3113800	3115800	はい はい
3115800	3116800	はい
3116800	3118800	そういうのも YouTubeはいいんですよね
3118800	3119800	いい話で
3119800	3121800	毎回そういうのを 出始めた人がいるから
3121800	3123800	仕事によって 作るんですよね
3123800	3126800	そういうのも 面白いことを 作って下さい
3126800	3127800	はい
3127800	3128800	はい
3128800	3129800	はい
3129800	3130800	はい
3130800	3131800	はい
3131800	3132800	はい
3132800	3133800	はい
3133800	3134800	はい
3134800	3135800	はい
3135800	3136800	はい
3136800	3137800	はい
3137800	3138800	はい
3138800	3139800	はい
3139800	3140800	はい
3140800	3141800	はい
3141800	3142800	はい
3142800	3143800	はい
3143800	3144800	はい
3144800	3145800	はい
3145800	3146800	はい
3146800	3147800	はい
3147800	3148800	はい
3149800	3152800	はい
3152800	3153800	はい
3153800	3154800	はい
3154800	3155800	はい
3155800	3156800	はい
3156800	3157800	はい
3157800	3158800	はい
3158800	3159800	はい
3159800	3160800	はい
3160800	3161800	はい
3161800	3162800	はい
3162800	3163800	はい
3163800	3164800	はい
3164800	3165800	はい
3165800	3166800	はい
3166800	3167800	はい
3167800	3168800	はい
3168800	3169800	はい
3169800	3170800	はい
3170800	3171800	はい
3171800	3172800	はい
3172800	3173800	はい
3173800	3174800	はい
3174800	3175800	はい
3175800	3176720	はい
3176800	3181800	明日帰りに行くの?
3181800	3184800	いや、まだしばらく行こうと思います。
3184800	3190800	今回の話があるので、いつ頃?
3190800	3196800	いや、明日でもいいし、お昼すぐにあれば。
3196800	3202800	ちょっと、8日までちょっと忙しいので。
3202800	3205800	じゃあ、相手を見て構わないといけないんですか?
3205800	3208800	9日とか、明日から来週、土曜日です。
3208800	3210800	まあ、いいですよ。
3210800	3213800	いろんな今の話とか、
3213800	3218800	あなたが大学受験になっている時にあれば、
3218800	3222800	私が今やってきた仕事を、
3222800	3226800	今、医者学習になっているんですよ。
3226800	3229800	だから、そういうキャッチボールとか、
3229800	3232800	苦しい中、修読なども、
3232800	3235800	自分が旅行部門でやってもらえば、
3235800	3237800	旅行者ですから、
3237800	3240800	キャッチボールを取るんですよ。
3240800	3242800	だから、これも含めての、
3242800	3244800	これも修学部門も絡めてね。
3244800	3246800	いや、そうですよね。本当に。
3246800	3249800	こういう活動がありますので、
3249800	3253800	だから、自分がそういうのに合うのだったら、
3253800	3256800	そういうのを買って、
3256800	3260800	例えば、旅行関係だったら、
3260800	3261800	たぶん、
3261800	3263800	自分があるとしたら、
3263800	3267800	手数料を落とすだけの関係で、
3267800	3270800	あとは、保険の関係だけですから、
3270800	3272800	10%、20%の分で、
3272800	3274800	お隣の人に、
3274800	3275800	祝いっていうように、
3275800	3277800	天井員なしでも、
3277800	3279800	今の状態だったらね、
3279800	3281800	天井員で20万かかるから、
3281800	3283800	通訳でも15万かかるから、
3283800	3285800	そうなんですか。
3285800	3289800	何時に、その3と4の分ですか。
3289800	3290800	だから、これもあるし、
3290800	3292800	こっちで通訳、それとか、
3292800	3294800	こっちで全てできるんで、スタッフがやってもらう。
3294800	3295800	そうですよね。
3295800	3297800	そうしないと、1万回できると思うんです。
3297800	3300800	もう、すごい粗利が。
3300800	3302800	だから、できれば、私なんか今、
3302800	3304800	考えてるのは、
3304800	3306800	3000名、5000名、
3306800	3308800	3000分ですよ。
3308800	3311800	そのうち、20名にメモします。
3311800	3312800	はい。
3312800	3313800	20名。
3313800	3315800	なるほど。
3315800	3316800	ね。
3316800	3317800	メモします。
3317800	3318800	あ、すみません。今、ちょっとメモ。
3318800	3319800	あ、はいはい。
3319800	3320800	いやいや。
3320800	3321800	すみません。
3321800	3323800	髪の毛出たりしたら、でも。
3323800	3327800	だから、20名の浮遊者層を掴まなければ、
3327800	3329800	最初にないと思うんですよ。
3329800	3330800	そうですよね。
3330800	3332800	ちょっと、浮遊者向けの、
3332800	3333800	20名。
3333800	3335800	浮遊層向けのやっぱサービス、絶対、
3335800	3336800	あ、これいいですね。
3336800	3337800	ここに書いてあります。
3337800	3338800	あ、書いてあった。
3338800	3340800	台湾のやっぱ浮遊層、
3340800	3341800	すごく持ってますね。
3341800	3346800	だから、みんなが、1000名、2000名を相手にして、
3346800	3348800	やってるクラスボートとか、
3348800	3349800	いろんなのね。
3349800	3351800	私なんか、そんなことしない。
3351800	3353800	お互いに、例えば、
3353800	3355800	10万円の商品は、
3355800	3357800	ネット、要するに、商品、
3357800	3358800	1万円でいいんですよ。
3358800	3361800	9万円は冒険という商売を、
3361800	3363800	したいなと。
3363800	3364800	いいですね。
3364800	3365800	それが一番、
3365800	3366800	こっちの方がいいです。
3366800	3368800	そこが私の理想で、
3368800	3369800	だから、
3369800	3372800	あっちの港のボスも、
3372800	3373800	譲ったんですよ。
3373800	3375800	実は病気でね。
3375800	3377800	もう、NPOもやめようと思ったんだけど、
3377800	3378800	いや、
3378800	3379800	こういうことだから、
3379800	3380800	やっぱり、
3380800	3382800	県として頼んで、
3382800	3383800	改めて、
3383800	3385800	メンバーを積んで、
3385800	3388800	私と医療で作った会社ですから、
3388800	3390800	だから、何かない方があれば、
3390800	3392800	私とどっちかに連絡しなければ、
3392800	3393800	動かしますので、
3393800	3394800	なるほど。
3394800	3395800	ぜひぜひ。
3395800	3397800	だから、今言ったのは、
3397800	3398800	全て、
3398800	3400800	自分が証明したい、
3400800	3402800	例えば、旅行部門やりたい、
3402800	3404800	日本語をやりたい、
3404800	3405800	自分で、
3405800	3407800	石垣など、駆け足は全て、
3407800	3408800	私に、
3408800	3409800	そうですか。
3409800	3410800	そうです。
3410800	3411800	だから、本当は、
3411800	3412800	実は、
3412800	3413800	私なんか、
3413800	3414800	この写真、
3414800	3415800	一緒に、
3415800	3416800	写りたかったんですよ。
3416800	3417800	はい。
3417800	3418800	そしたら、
3418800	3419800	中田さんが、
3419800	3420800	私なんか、
3420800	3421800	ブレインに、
3421800	3422800	写ったんですよ。
3422800	3423800	なるほど。
3423800	3425800	本当に、良かったと思ってたんですけど、
3425800	3426800	なるほど。
3426800	3427800	素敵に、
3427800	3428800	仕掛けて、
3428800	3429800	だから、今度会った時に、
3429800	3431800	私の歴史を、
3431800	3432800	一応、見せますね。
3432800	3433800	はい。
3433800	3434800	ぜひぜひ。
3434800	3435800	会社会議を、
3435800	3436800	写真とか、
3436800	3437800	こういうのを、
3437800	3438800	参考にしてみて、
3438800	3439800	それから、
3439800	3440800	あのー、
3440800	3441800	ボロボロの写真、
3441800	3442800	あるいは、
3442800	3443800	全部、
3443800	3444800	資料を出しに来てますので、
3444800	3445800	はい。
3445800	3446800	はい。
3446800	3447800	という風に、
3447800	3448800	一応、
3448800	3449800	どこかで、
3449800	3450800	どれでも、
3450800	3451800	一応、
3451800	3452800	結婚されてます?
3452800	3453800	いや、
3453800	3454800	まだ、
3454800	3455800	結婚してないです。
3455800	3456800	はい、
3456800	3457800	両親です。
3457800	3458800	はい、
3458800	3459800	両親です。
3459800	3460800	いるんですか?
3460800	3461800	一応、
3461800	3462800	彼女は、
3462800	3463800	はい。
3463800	3464800	はい。
3464800	3465800	いやいやいや。
3465800	3466800	いやいやいや。
3466800	3467800	www
3467800	3468800	じゃあ、
3468800	3469800	きた。
3469800	3470800	はい。
3470800	3471800	いただきたい、
3471800	3472800	ありがとうございます。
3472800	3473800	はい。
3473800	3474800	はい。
3474800	3475800	これで、
3475800	3476800	はい。
3476800	3477800	失礼いたします。
3477800	3478800	ほんじゃ。
3478800	3479800	はい。
3479800	3480800	ありがとうございました。
3480800	3481800	失礼いたしました。
3481800	3482800	独身って聞いた。
3483800	3484800	何ですか、
3484800	3485800	魔法とか、
3485800	3486800	なんか、
3486800	3487800	絶対、
3487800	3488800	はい。
3488800	3489800	はい。
3489800	3490800	はい。
3490800	3491800	はい。
3491800	3492800	お疲れ様です。
3492800	3493800	はい。
3493800	3494800	じゃあ、
3494800	3495800	はい。
3525800	3555780	おやすみなさい
3555800	3585780	おやすみなさい
3585800	3615780	おやすみなさい
3615800	3645780	おやすみなさい
